台番,レート,機種名,列,行
1,p1,P大海物語5HCL,51,66
2,p1,P大海物語5HCL,50,66
3,p1,P大海物語5HCL,49,66
5,p1,P大海物語5HCL,48,66
6,p1,P大海物語5HCL,47,66
7,p1,P大海物語5HCL,46,66
8,p1,P大海物語5HCL,45,66
10,p1,P大海物語5HCL,44,66
11,p1,P大海物語5HCL,43,66
12,p1,P大海物語5HCL,42,66
13,p1,P大海物語5MTE2,41,66
15,p1,P大海物語5MTE2,40,66
16,p1,P大海物語5MTE2,39,66
17,p1,P大海物語5MTE2,38,66
18,p1,P大海物語5MTE2,37,66
20,p1,P大海物語5MTE2,36,66
21,p1,P大海物語5MTE2,35,66
22,p1,P大海物語5MTE2,34,66
23,p1,P大海物語5MTE2,33,66
25,p1,P大海物語5MTE2,32,66
26,p1,P大海物語5スペシャルALTA,32,63
27,p1,P大海物語5スペシャルALTA,33,63
28,p1,Pスーパー海物語IN沖縄6LTP,34,63
30,p1,Pスーパー海物語IN沖縄6LTP,35,63
31,p1,Pスーパー海物語IN沖縄6LTP,36,63
32,p1,Pスーパー海物語IN沖縄6LTP,37,63
33,p1,Pスーパー海物語IN沖縄6LTP,38,63
35,p1,P海物語E,39,63
36,p1,P海物語E,40,63
37,p1,P海物語E,41,63
38,p1,P海物語E,42,63
50,p1,P海物語E,43,63
51,p1,P大海物語5HCL,44,63
52,p1,P大海物語5HCL,45,63
53,p1,P大海物語5HCL,46,63
55,p1,P大海物語4スペシャルSCA,47,63
56,p1,P大海物語4スペシャルSCA,48,63
57,p1,P大海物語4スペシャルSCA,49,63
58,p1,P大海物語4スペシャルSCA,50,63
60,p1,P大海物語4スペシャルSCA,51,63
61,p4,PA花の慶次～傾奇一転N,51,62
62,新台p4,P／押忍番長漢の頂／A03,50,62
63,p4,P天才バカボン7～福神スペック～LTH－JH,49,62
65,p4,P大工の源さん超韋駄天2HLB,48,62
66,p4,Pデジハネ北斗の拳慈母SSPC,47,62
67,p4,Pルパン三世真速9YS1Y,46,62
68,p4,P真・花の慶次3N－K,45,62
70,p4,Pフィーバーマクロスフロンティア5YS,44,62
71,p4,PAフィーバーうたわれるものY,43,62
72,p4,Pルパン三世14L0YU1,42,62
73,p4,P中森明菜・歌姫伝説4KD－TJ,41,62
75,p4,P宇宙戦艦ヤマト2202 ONLY ONE YR,40,62
76,p4,PA花の慶次～裂N3-VY,39,62
77,p4,P中森明菜・歌姫伝説4KD－TJ,38,62
78,p4,PAフィーバークィーンⅡYS,37,62
80,p4,PAフィーバーパワフルR,36,62
81,p4,P遊moreLTエガブレイブAX4,35,62
82,p4,PファインプレーH3,34,62
83,p4,PファインプレーH3,33,62
85,p4,PハネモノファミリースタジアムMD,32,62
86,p4,PAわんわんセレブレーションAGBD,32,59
87,p4,PAわんわんセレブレーションAGBD,33,59
88,p4,PA清流物語4HBB,34,59
100,p4,PA清流物語4HBB,35,59
101,p4,PA野生の王国6N2,36,59
102,p4,PAコマコマ倶楽部with坂本冬美VS1,37,59
103,p4,P中森明菜・歌姫伝説愛KD－NS,38,59
105,p4,P009 RE：CYBORG N3－K,39,59
106,p4,P戦国乙女7L0YU1,40,59
107,p4,Pデジハネ北斗の拳慈母SSPC,41,59
108,p4,P花の慶次～裂N2-VC,42,59
110,p4,P新世紀エヴァンゲリオン15 未来への咆哮Y,43,59
111,p4,PAフィーバーかぐや様は告らせたいYG,44,59
112,p4,Pとある魔術の禁書目録2 Light JWX,45,59
113,新台p4,P／押忍番長漢の頂／A03,46,59
115,p4,P魔法少女まどか☆マギカ3MAJ1,47,59
116,p4,PAシン・エヴァンゲリオンY,48,59
117,p4,P北斗の拳強敵SSPA,49,59
118,p4,P北斗の拳強敵SSPA,50,59
120,p4,P北斗の拳強敵SSPA,51,59
121,p4,PAスーパー海物語IN沖縄6RBD,51,58
122,p4,PAスーパー海物語IN沖縄6RBD,50,58
123,p4,PAスーパー海物語IN沖縄6RBD,49,58
125,p4,PAスーパー海物語IN沖縄6RBD,48,58
126,p4,PAスーパー海物語IN沖縄6RBD,47,58
127,p4,PA新海物語ARBB,46,58
128,p4,PA新海物語ARBB,45,58
130,p4,PA新海物語ARBB,44,58
131,p4,PA新海物語ARBB,43,58
132,p4,PA新海物語ARBB,42,58
133,p4,P大海物語4スペシャルSCA,41,58
135,p4,P大海物語4スペシャルSCA,40,58
136,p4,P大海物語4スペシャルSCA,39,58
137,p4,P大海物語4スペシャルSCA,38,58
138,p4,P大海物語4スペシャルSCA,37,58
150,p4,P大海物語5HCL,36,58
151,p4,P大海物語5HCL,35,58
152,p4,P大海物語5HCL,34,58
153,p4,P大海物語5HCL,33,58
155,p4,P大海物語5HCL,32,58
156,p4,PA大海物語5ARBC,32,55
157,p4,PA大海物語5ARBC,33,55
158,p4,PA大海物語5ARBC,34,55
160,p4,PA大海物語5ARBC,35,55
161,p4,PA大海物語5ARBC,36,55
162,p4,PA大海物語5ARBC,37,55
163,p4,PA大海物語5ARBC,38,55
165,p4,PA大海物語5ARBC,39,55
166,p4,PA大海物語5ARBC,40,55
167,p4,PA大海物語5ARBC,41,55
168,p4,PA大海物語5HLD,42,55
170,p4,PA大海物語5HLD,43,55
171,p4,PA大海物語5HLD,44,55
172,p4,PA大海物語5HLD,45,55
173,p4,PA大海物語5HLD,46,55
175,p4,PA海物語極ジャパンHBD,47,55
176,p4,PA海物語極ジャパンHBD,48,55
177,p4,PA海物語極ジャパンHBD,49,55
178,p4,PA海物語3R3LBA,50,55
180,p4,PA海物語3R3LBA,51,55
181,p4,P大海物語5スペシャルALTA,51,54
182,p4,P大海物語5スペシャルALTA,50,54
183,p4,P大海物語5スペシャルALTA,49,54
185,p4,P大海物語5スペシャルALTA,48,54
186,p4,P大海物語5スペシャルALTA,47,54
187,p4,P大海物語5スペシャルALTA,46,54
188,p4,P大海物語5スペシャルALTA,45,54
200,p4,P大海物語5スペシャルALTA,44,54
201,p4,P大海物語5スペシャルALTA,43,54
202,p4,P大海物語5スペシャルALTA,42,54
203,p4,P大海物語5スペシャルALTA,41,54
205,p4,P大海物語5スペシャルALTA,40,54
206,p4,P大海物語5スペシャルALTA,39,54
207,p4,P大海物語5スペシャルALTA,38,54
208,p4,P大海物語5スペシャルALTA,37,54
210,p4,P大海物語5スペシャルALTA,36,54
211,p4,P大海物語5スペシャルALTA,35,54
212,p4,P大海物語5スペシャルALTA,34,54
213,p4,P大海物語5スペシャルALTA,33,54
215,p4,P大海物語5スペシャルALTA,32,54
216,p4,P大海物語5スペシャルALTA,32,51
217,p4,P大海物語5スペシャルALTA,33,51
218,p4,P大海物語5スペシャルALTA,34,51
220,p4,P大海物語5スペシャルALTA,35,51
221,p4,P大海物語5スペシャルALTA,36,51
222,p4,P大海物語5スペシャルALTA,37,51
223,p4,P大海物語5スペシャルALTA,38,51
225,p4,P大海物語5スペシャルALTA,39,51
226,p4,P大海物語5スペシャルALTA,40,51
227,p4,P大海物語5スペシャルALTA,41,51
228,p4,P大海物語5スペシャルALTA,42,51
230,p4,P大海物語5スペシャルALTA,43,51
231,p4,P大海物語5スペシャルALTA,44,51
232,p4,P大海物語5スペシャルALTA,45,51
233,p4,P大海物語5スペシャルALTA,46,51
235,p4,P大海物語5スペシャルALTA,47,51
236,p4,P大海物語5スペシャルALTA,48,51
237,p4,P大海物語5スペシャルALTA,49,51
238,p4,P大海物語5スペシャルALTA,50,51
250,p4,P大海物語5スペシャルALTA,51,51
251,p4,P大海物語5スペシャルALTA,51,50
252,p4,P大海物語5スペシャルALTA,50,50
253,p4,P大海物語5スペシャルALTA,49,50
255,p4,P大海物語5スペシャルALTA,48,50
256,p4,P大海物語5スペシャルALTA,47,50
257,p4,P大海物語5スペシャルALTA,46,50
258,p4,P大海物語5スペシャルALTA,45,50
260,p4,P大海物語5スペシャルALTA,44,50
261,p4,P大海物語5スペシャルALTA,43,50
262,p4,P大海物語5スペシャルALTA,42,50
263,p4,P大海物語5スペシャルALTA,41,50
265,p4,P大海物語5スペシャルALTA,40,50
266,p4,P大海物語5スペシャルALTA,39,50
267,p4,P大海物語5スペシャルALTA,38,50
268,p4,P大海物語5スペシャルALTA,37,50
270,p4,P大海物語5スペシャルALTA,36,50
271,p4,P大海物語5スペシャルALTA,35,50
272,p4,P大海物語5スペシャルALTA,34,50
273,p4,P大海物語5スペシャルALTA,33,50
275,p4,P大海物語5スペシャルALTA,32,50
276,p4,P大海物語5スペシャルALTA,32,47
277,p4,P大海物語5スペシャルALTA,33,47
278,p4,P大海物語5スペシャルALTA,34,47
280,p4,P大海物語5スペシャルALTA,35,47
281,p4,P大海物語5スペシャルALTA,36,47
282,p4,P大海物語5スペシャルALTA,37,47
283,p4,P大海物語5スペシャルALTA,38,47
285,p4,P大海物語5スペシャルALTA,39,47
286,p4,P大海物語5スペシャルALTA,40,47
287,p4,P大海物語5スペシャルALTA,41,47
288,p4,P大海物語5スペシャルALTA,42,47
300,p4,P大海物語5スペシャルALTA,43,47
301,p4,P大海物語5スペシャルALTA,44,47
302,p4,P大海物語5スペシャルALTA,45,47
303,p4,P大海物語5スペシャルALTA,46,47
305,p4,P大海物語5スペシャルALTA,47,47
306,p4,P大海物語5スペシャルALTA,48,47
307,p4,P大海物語5スペシャルALTA,49,47
308,p4,P大海物語5スペシャルALTA,50,47
310,p4,P大海物語5スペシャルALTA,51,47
311,p4,P新世紀エヴァンゲリオン15 未来への咆哮,51,46
312,p4,P新世紀エヴァンゲリオン15 未来への咆哮,50,46
313,p4,P新世紀エヴァンゲリオン15 未来への咆哮,49,46
315,p4,P新世紀エヴァンゲリオン15 未来への咆哮,48,46
316,p4,P新世紀エヴァンゲリオン15 未来への咆哮,47,46
317,p4,P新世紀エヴァンゲリオン15 未来への咆哮,46,46
318,p4,P新世紀エヴァンゲリオン15 未来への咆哮,45,46
320,p4,P新世紀エヴァンゲリオン15 未来への咆哮,44,46
321,p4,P新世紀エヴァンゲリオン15 未来への咆哮,43,46
322,p4,P新世紀エヴァンゲリオン15 未来への咆哮,42,46
323,p4,P新世紀エヴァンゲリオン15 未来への咆哮,41,46
325,p4,P新世紀エヴァンゲリオン15 未来への咆哮,40,46
326,p4,P新世紀エヴァンゲリオン15 未来への咆哮,39,46
327,p4,P新世紀エヴァンゲリオン15 未来への咆哮,38,46
328,p4,P新世紀エヴァンゲリオン15 未来への咆哮,37,46
330,p4,P新世紀エヴァンゲリオン15 未来への咆哮,36,46
331,p4,P新世紀エヴァンゲリオン15 未来への咆哮,35,46
332,p4,P新世紀エヴァンゲリオン15 未来への咆哮,34,46
333,p4,P新世紀エヴァンゲリオン15 未来への咆哮,33,46
335,p4,P新世紀エヴァンゲリオン15 未来への咆哮,32,46
336,p4,P北斗の拳暴凶星SFPA,32,43
337,p4,P北斗の拳暴凶星SFPA,33,43
338,p4,P北斗の拳暴凶星SFPA,34,43
350,p4,P北斗の拳暴凶星SFPA,35,43
351,p4,P北斗の拳暴凶星SFPA,36,43
352,p4,P北斗の拳暴凶星SFPA,37,43
353,p4,P北斗の拳暴凶星SFPA,38,43
355,p4,P北斗の拳暴凶星SFPA,39,43
356,p4,P北斗の拳暴凶星SFPA,40,43
357,p4,P北斗の拳暴凶星SFPA,41,43
358,p4,P牙狼11～冴島大河～XX－MU,42,43
360,p4,P／Re：ゼロから始める異世界生活鬼がかりver／L07,43,43
361,p4,PアズールレーンTHE ANIMATION～異次元トリガー199～M4,44,43
362,p4,P真北斗無双3ジャギの逆襲GEE,45,43
363,p4,P／Re：ゼロから始める異世界生活season2／M04,46,43
365,p4,P宇宙戦艦ヤマト2202－3MF,47,43
366,p4,PフィーバーうたわれるものZ,48,43
367,p4,Pシン・エヴァンゲリオンMV,49,43
368,p4,Pにゃんこ大戦争～多様性のネコ～M4,50,43
370,p4,P真北斗無双3ジャギの逆襲GEE,51,43
371,p4,e魔法少女リリカルなのはHTEZ2,51,42
372,p4,e／ガンゲイル・オンライン／M08,50,42
373,p4,eメイヒテンセイCMP,49,42
375,p4,eフィーバー炎炎ノ消防隊2MS,48,42
376,p4,e東京リベンジャーズGFEC,47,42
377,p4,e Re：ゼロから始める異世界生活 season2M13,46,42
378,p4,eフィーバーからくりサーカス2R,45,42
380,p4,e真北斗無双5夢幻闘双SCEA,44,42
381,p4,eガールズ＆パンツァー3LBH7,43,42
382,p4,e化物語2GSED,42,42
383,p4,e花の慶次～傾奇一転H6,41,42
385,p4,eとある魔術の禁書目録　一方通行 最狂RRA,40,42
386,p4,eベルセルク無双2HM4,39,42
387,p4,e女神のカフェテラスJLZ,38,42
388,p4,eゴジラ対エヴァンゲリオン2TR,37,42
500,p4,eゴジラ対エヴァンゲリオン2TR,36,42
501,p4,e牙狼トリプルバーストRF,35,42
502,p4,e真・一騎当千～軍神覚醒～AM－TS,34,42
503,p4,e地獄少女7500Ver．RHZ,33,42
505,p4,e地獄少女7500Ver．RHZ,32,42
506,新台p4,e東京喰種MW,32,39
507,新台p4,e東京喰種MW,33,39
508,新台p4,e東京喰種MW,34,39
510,p4,e東京喰種MW,35,39
511,p4,e東京喰種MW,36,39
512,p4,e女神のカフェテラスJLZ,37,39
513,p4,e女神のカフェテラスJLZ,38,39
515,p4,e虚構推理MHJT,39,39
516,p4,e真北斗無双5SFEE,40,39
517,p4,e真北斗無双5SFEE,41,39
518,p4,P貞子FMD,42,39
520,p4,Pいくさの子戦極最強GRPJ,43,39
521,p4,P閃乱カグラLTN－FS,44,39
522,p4,Pゴジラ対エヴァンゲリオン2LV,45,39
523,p4,P戦国乙女7H0YZ3,46,39
525,p4,Pフィーバー彼女、お借りしますLR,47,39
526,p4,P黄門ちゃま9ME2,48,39
527,p4,P黄門ちゃま9ME2,49,39
528,p4,P織田信奈の野望全国版V4A,50,39
530,p4,P沖ドキ！LG,51,39
531,p1,PA大海物語5ARBC,51,38
532,p1,PA大海物語5ARBC,50,38
533,p1,PA大海物語5ARBC,49,38
535,p1,PA大海物語5ARBC,48,38
536,p1,PA大海物語5ARBC,47,38
537,p1,PA大海物語5ARBC,46,38
538,p1,PA大海物語5ARBC,45,38
550,p1,PA大海物語5ARBC,44,38
551,p1,PA大海物語5ARBC,43,38
552,p1,PA大海物語5ARBC,42,38
553,p1,PA大海物語5ARBC,41,38
555,p1,PA大海物語5ARBC,40,38
556,p1,PA大海物語5ARBC,39,38
557,p1,PA大海物語5ARBC,38,38
558,p1,PA大海物語5ARBC,37,38
560,p1,PA大海物語5ARBC,36,38
561,p1,PA大海物語5ARBC,35,38
562,p1,PA大海物語5ARBC,34,38
563,p1,PA大海物語5ARBC,33,38
565,p1,PA大海物語5ARBC,32,38
566,p1,PA大海物語5ARBC,32,35
567,p1,PA大海物語5ARBC,33,35
568,p1,PA大海物語5ARBC,34,35
570,p1,PA大海物語5ARBC,35,35
571,p1,PA大海物語5ARBC,36,35
572,p1,PA大海物語5ARBC,37,35
573,p1,PA大海物語5ARBC,38,35
575,p1,PA大海物語5ARBC,39,35
576,p1,PA大海物語5ARBC,40,35
577,p1,PA大海物語5ARBC,41,35
578,p1,PA大海物語5ARBC,42,35
580,p1,PA大海物語5ARBC,43,35
581,p1,PA大海物語5ARBC,44,35
582,p1,PA大海物語5ARBC,45,35
583,p1,PA大海物語5ARBC,46,35
585,p1,PA大海物語5ARBC,47,35
586,p1,PA大海物語5ARBC,48,35
587,p1,PA大海物語5ARBC,49,35
588,p1,PA大海物語5ARBC,50,35
600,p1,PA大海物語5ARBC,51,35
601,p1,P銀河鉄道999NJL0YU1Y,51,34
602,p1,P冬のソナタMyMemoryMA2,50,34
603,p1,PA野生の王国6N2,49,34
605,p1,PA清流物語4HBB,48,34
606,p1,P北斗の拳強敵SSPA,47,34
607,p1,P花の慶次～裂N2-VC,46,34
608,p1,PAフィーバークィーンⅡYS,45,34
610,p1,P宇宙戦艦ヤマト2202 ONLY ONE YR,44,34
611,p1,PA海物語極ジャパンHBD,43,34
612,p1,PA海物語極ジャパンHBD,42,34
613,p1,PA新海物語ARBB,41,34
615,p1,PA新海物語ARBB,40,34
616,p1,PA新海物語ARBB,39,34
617,p1,PA新海物語ARBB,38,34
618,p1,PA新海物語ARBB,37,34
620,p1,PA新海物語ARBB,36,34
621,p1,PA新海物語ARBB,35,34
622,p1,PA新海物語ARBB,34,34
623,p1,PA新海物語ARBB,33,34
625,p1,PA新海物語ARBB,32,34
626,p1,PA大海物語5HLD,32,31
627,p1,PA大海物語5HLD,33,31
628,p1,PA大海物語5HLD,34,31
630,p1,PA大海物語5HLD,35,31
631,p1,PA大海物語5HLD,36,31
632,p1,PA大海物語5HLD,37,31
633,p1,PA大海物語5HLD,38,31
635,p1,PAスーパー海物語IN沖縄5YBA,39,31
636,p1,PAスーパー海物語IN沖縄5YBA,40,31
637,p1,PAスーパー海物語IN沖縄5YBA,41,31
638,p1,PAスーパー海物語IN沖縄6RBD,42,31
650,p1,PAスーパー海物語IN沖縄6RBD,43,31
651,p1,PAスーパー海物語IN沖縄6RBD,44,31
652,p1,PAスーパー海物語IN沖縄6RBD,45,31
653,p1,PAスーパー海物語IN沖縄6RBD,46,31
655,p1,P戦国乙女レジェンドバトル9YU1Y,47,31
656,p1,PA清流物語4HBB,48,31
657,p1,PA花の慶次～裂N3-VY,49,31
658,p1,Pデジハネ北斗の拳慈母SSPC,50,31
660,p1,P宇宙戦艦ヤマト2202 ONLY ONE YR,51,31
661,p1,P魔法少女まどか☆マギカ3MAJ1,51,30
662,p1,PA野生の王国5 N－K,50,30
663,p1,P転生したらスライムだった件ARJ,49,30
665,p1,PAフィーバーからくりサーカス2YF,48,30
666,p1,PA花の慶次～傾奇一転N,47,30
667,p1,P真・花の慶次3N－K,46,30
668,p1,P天才バカボン6FD－RS,45,30
670,p1,P花の慶次～裂N2-VC,44,30
671,p1,P銀河鉄道999NJL0YU1Y,43,30
672,p1,P天才バカボン7～福神スペック～LTH－JH,42,30
673,p1,P新世紀エヴァンゲリオン15 未来への咆哮Y,41,30
675,p1,P／Re：ゼロから始める異世界生活season2／A10,40,30
676,p1,P北斗の拳強敵SSPA,39,30
677,p1,Pゲゲゲの鬼太郎 獅子奮迅99Ver．RWC,38,30
678,p1,PAフィーバーうたわれるものY,37,30
680,p1,PフィーバーからくりサーカスY,36,30
681,p1,P新世紀エヴァンゲリオン15 未来への咆哮Y,35,30
682,p1,P／Re：ゼロから始める異世界生活鬼がかりver／A03,34,30
683,p1,PAコマコマ倶楽部with坂本冬美VS1,33,30
685,p1,Pフィーバー炎炎ノ消防隊YR,32,30
686,p1,PA野生の王国6N2,32,27
687,p1,PAアズールレーンTHE ANIMATION～異次元トリガー79Ver．～M2,33,27
688,p1,Pうる星やつら2N2－K,34,27
700,p1,P天才バカボン7～福神スペック～LTH－JH,35,27
701,p1,Pフィーバー炎炎ノ消防隊YR,36,27
702,p1,Pデジハネ北斗の拳慈母SSPC,37,27
703,p1,Pシン・エヴァンゲリオンMV,38,27
705,p1,P魔法少女まどか☆マギカ3MAJ1,39,27
706,p1,PAシン・エヴァンゲリオンY,40,27
707,p1,PAアズールレーンTHE ANIMATION～異次元トリガー79Ver．～M2,41,27
708,p1,Pデビルマン黄金黙示録N－K1 YT250,42,27
710,p1,P新世紀エヴァンゲリオン15 未来への咆哮Y,43,27
711,p1,P桃剣鬼神AD,44,27
712,p1,PA義風堂々！！～兼続と慶次～3N－X,45,27
713,p1,P北斗の拳強敵SSPA,46,27
715,p1,PAフィーバーダンまち2YG,47,27
716,p1,Pデビルマン黄金黙示録N－K1 YT250,48,27
717,p1,P戦国乙女7L0YU1,49,27
718,p1,PA真・花の慶次2N2－X1,50,27
720,p1,PA義風堂々！！～兼続と慶次～3N－X,51,27
721,p1,Pポチッと一発おだてブタ2V1,51,26
722,p1,P遊moreLTエガブレイブAX4,50,26
723,p1,PアズールレーンTHE ANIMATION～異次元トリガー199～M4,49,26
725,p1,P防振り 極振り129verFVZ,48,26
726,p1,P／Re：ゼロから始める異世界生活鬼がかりver／L07,47,26
727,p1,Pシン・エヴァンゲリオンX,46,26
728,p1,Pゴジラ対エヴァンゲリオン2LV,45,26
730,p1,P真北斗無双FWQG,44,26
731,p1,PフィーバーうたわれるものZ,43,26
732,p1,PアズールレーンTHE ANIMATION～異次元トリガー199～M4,42,26
733,p1,P牙狼11～冴島大河～XX－MU,41,26
735,新台p1,P／押忍番長漢の頂／A03,40,26
736,p1,Pフィーバー機動戦士ガンダムユニコーン2 Y,39,26
737,p1,Pにゃんこ大戦争～多様性のネコ～M4,38,26
738,p1,P北斗の拳暴凶星SFPA,37,26
750,p1,P新世紀エヴァンゲリオン15 未来への咆哮,36,26
751,p1,P新世紀エヴァンゲリオン15 未来への咆哮,35,26
752,p1,P新世紀エヴァンゲリオン15 未来への咆哮,34,26
753,p1,P新世紀エヴァンゲリオン15 未来への咆哮,33,26
755,p1,P新世紀エヴァンゲリオン15 未来への咆哮,32,26
756,p1,P新世紀エヴァンゲリオン15 未来への咆哮,32,23
757,p1,P新世紀エヴァンゲリオン15 未来への咆哮,33,23
758,p1,P新世紀エヴァンゲリオン15 未来への咆哮,34,23
760,p1,P新世紀エヴァンゲリオン15 未来への咆哮,35,23
761,p1,P魔法少女まどか☆マギカ3LM3,36,23
762,p1,P牙狼11～冴島大河～XX－MU,37,23
763,p1,P天才バカボン7～福神スペック～LTH－JH,38,23
765,p1,Pフィーバー彼女、お借りしますLR,39,23
766,p1,Pゴジラ対エヴァンゲリオン2R,40,23
767,p1,Pいくさの子戦極最強GRPJ,41,23
768,p1,P真・花の慶次2M3－VC,42,23
770,p1,e／ワールドダイスター／L04,43,23
771,p1,e必殺仕事人ⅥM2,44,23
772,p1,e必殺仕事人ⅥM2,45,23
773,p1,e／押忍番長漢の頂／L09,46,23
775,p1,eメイヒテンセイCMP,47,23
776,p1,e／ガンゲイル・オンライン／M08,48,23
777,p1,eギンパラVIVAFESTAHTA2,49,23
778,p1,e無職転生～異世界行ったら本気だす～H2E,50,23
780,p1,eカケグルイ～生か死か～LTT－KR,51,23
781,新台p1,e東京喰種MW,51,22
782,p1,eシャーマンキングLB,50,22
783,p1,e女神のカフェテラスJLZ,49,22
785,p1,e牙狼トリプルバーストRF,48,22
786,p1,e真・一騎当千～軍神覚醒～AM－TS,47,22
787,p1,e女神のカフェテラスJLZ,46,22
788,p1,e地獄少女7500Ver．RHZ,45,22
800,p1,e真北斗無双5SFEE,44,22
801,p1,e／ワールドダイスター／L04,43,22
802,p1,e魔法少女リリカルなのはHTEZ2,42,22
803,p1,e牙狼12XX－MJ,41,22
805,p1,ｅフィーバーキン肉マン,40,22
806,p1,eハイスクールオブザデッド3V1A,39,22
807,p1,eフィーバーもののがたりF,38,22
808,p1,eフィーバーもののがたりF,37,22
810,p1,ｅフィーバーキン肉マン,36,22
811,p1,eフィーバーブルーロックMZ,35,22
812,p1,e魔法少女まどか☆マギカ3LPM1,34,22
813,p1,e新世紀エヴァンゲリオン17 はじまりの記憶R,33,22
815,p1,e新世紀エヴァンゲリオン17 はじまりの記憶R,32,22
816,p1,e東京喰種W,32,19
817,p1,e東京喰種W,33,19
818,p1,e東京喰種W,34,19
820,p1,e東京喰種W,35,19
821,p1,e東京喰種W,36,19
822,p1,e北斗の拳11暴凶星SHEF,37,19
823,p1,e北斗の拳11暴凶星SHEF,38,19
825,p1,e北斗の拳11暴凶星SHEF,39,19
826,p1,e東京リベンジャーズ聖夜決戦編EREC,40,19
827,p1,e／吉宗極乗3000ver／L06,41,19
828,p1,eフィーバー炎炎ノ消防隊2MS,42,19
830,p1,eリコリス・リコイルM3,43,19
831,p1,e魔法少女まどか☆マギカ3LPM1,44,19
832,p1,e東京リベンジャーズGFEC,45,19
833,新台p1,eエデンズゼロAIN,46,19
835,p1,eフィーバーからくりサーカス2R,47,19
836,p1,e無職転生～異世界行ったら本気だす～H2E,48,19
837,p1,e甲鉄城のカバネリ2GFEA,49,19
838,p1,e東京リベンジャーズGFEC,50,19
850,p1,ｅフィーバーキン肉マン,51,19
851,p4,e牙狼12XX－MJ,28,66
852,p4,e牙狼12XX－MJ,27,66
853,p4,e牙狼12XX－MJ,26,66
855,p4,e牙狼12XX－MJ,25,66
856,p4,e牙狼12XX－MJ,24,66
857,新台p4,eフィーバー機動戦士ガンダムSEED2bF,23,66
858,新台p4,eフィーバー機動戦士ガンダムSEED2bF,22,66
860,新台p4,eフィーバー機動戦士ガンダムSEED2bF,21,66
861,新台p4,eフィーバー機動戦士ガンダムSEED2bF,20,66
862,新台p4,eフィーバー機動戦士ガンダムSEED2bF,19,66
863,p4,ｅフィーバーキン肉マン,18,66
865,p4,ｅフィーバーキン肉マン,17,66
866,p4,ｅフィーバーキン肉マン,16,66
867,p4,ｅフィーバーキン肉マン,15,66
868,p4,ｅフィーバーキン肉マン,14,66
870,p4,ｅフィーバーキン肉マン,13,66
871,p4,ｅフィーバーキン肉マン,12,66
872,p4,ｅフィーバーキン肉マン,11,66
873,p4,ｅフィーバーキン肉マン,10,66
875,p4,ｅフィーバーキン肉マン,9,66
876,p4,eフィーバーバスタードG,9,63
877,新台p4,eエデンズゼロAIN,10,63
878,p4,e東京喰種W,11,63
880,p4,e東京喰種W,12,63
881,p4,e東京喰種W,13,63
882,p4,e東京喰種W,14,63
883,p4,e東京喰種W,15,63
885,p4,e東京喰種W,16,63
886,p4,e東京喰種W,17,63
887,p4,e東京喰種W,18,63
888,p4,e東京喰種W,19,63
1000,p4,e東京喰種W,20,63
1001,p4,e東京喰種W,21,63
1002,p4,e東京喰種W,22,63
1003,p4,e東京喰種W,23,63
1005,p4,e東京喰種W,24,63
1006,p4,e東京喰種W,25,63
1007,p4,e東京喰種W,26,63
1008,p4,e東京喰種W,27,63
1010,p4,e東京喰種W,28,63
1011,p4,e北斗の拳11暴凶星SHEF,28,62
1012,p4,e北斗の拳11暴凶星SHEF,27,62
1013,p4,e北斗の拳11暴凶星SHEF,26,62
1015,p4,e北斗の拳11暴凶星SHEF,25,62
1016,p4,e北斗の拳11暴凶星SHEF,24,62
1017,p4,e北斗の拳11暴凶星SHEF,23,62
1018,p4,e北斗の拳11暴凶星SHEF,22,62
1020,p4,e北斗の拳11暴凶星SHEF,21,62
1021,p4,e北斗の拳11暴凶星SHEF,20,62
1022,p4,eひきこまり吸血姫の悶々FHV,19,62
1023,p4,eひきこまり吸血姫の悶々FHV,18,62
1025,p4,eひきこまり吸血姫の悶々FHV,17,62
1026,p4,e東京リベンジャーズ聖夜決戦編EREC,16,62
1027,p4,e東京リベンジャーズ聖夜決戦編EREC,15,62
1028,p4,e東京リベンジャーズ聖夜決戦編EREC,14,62
1030,p4,e／押忍番長漢の頂／L09,13,62
1031,p4,e／押忍番長漢の頂／L09,12,62
1032,p4,e／押忍番長漢の頂／L09,11,62
1033,p4,e／押忍番長漢の頂／L09,10,62
1035,p4,e／押忍番長漢の頂／L09,9,62
1036,p4,e新世紀エヴァンゲリオン17 はじまりの記憶R,9,59
1037,p4,e新世紀エヴァンゲリオン17 はじまりの記憶R,10,59
1038,p4,e新世紀エヴァンゲリオン17 はじまりの記憶R,11,59
1050,p4,e新世紀エヴァンゲリオン17 はじまりの記憶R,12,59
1051,p4,e新世紀エヴァンゲリオン17 はじまりの記憶R,13,59
1052,p4,e新世紀エヴァンゲリオン17 はじまりの記憶R,14,59
1053,p4,e新世紀エヴァンゲリオン17 はじまりの記憶R,15,59
1055,p4,e新世紀エヴァンゲリオン17 はじまりの記憶R,16,59
1056,p4,e新世紀エヴァンゲリオン17 はじまりの記憶R,17,59
1057,p4,e新世紀エヴァンゲリオン17 はじまりの記憶R,18,59
1058,p4,e新世紀エヴァンゲリオン17 はじまりの記憶R,19,59
1060,p4,e新世紀エヴァンゲリオン17 はじまりの記憶R,20,59
1061,p4,e新世紀エヴァンゲリオン17 はじまりの記憶R,21,59
1062,p4,e新世紀エヴァンゲリオン17 はじまりの記憶R,22,59
1063,p4,e新世紀エヴァンゲリオン17 はじまりの記憶R,23,59
1065,p4,e新世紀エヴァンゲリオン17 はじまりの記憶R,24,59
1066,p4,e新世紀エヴァンゲリオン17 はじまりの記憶R,25,59
1067,p4,e新世紀エヴァンゲリオン17 はじまりの記憶R,26,59
1068,p4,e新世紀エヴァンゲリオン17 はじまりの記憶R,27,59
1070,p4,e新世紀エヴァンゲリオン17 はじまりの記憶R,28,59
1071,p4,e必殺仕事人ⅥM2,28,58
1072,p4,e必殺仕事人ⅥM2,27,58
1073,p4,e必殺仕事人ⅥM2,26,58
1075,p4,e必殺仕事人ⅥM2,25,58
1076,p4,e必殺仕事人ⅥM2,24,58
1077,p4,e必殺仕事人ⅥM2,23,58
1078,p4,e必殺仕事人ⅥM2,22,58
1080,p4,e必殺仕事人ⅥM2,21,58
1081,p4,e必殺仕事人ⅥM2,20,58
1082,p4,e必殺仕事人ⅥM2,19,58
1083,新台p4,eソードアート・オンライン アリシゼーションYKJ11,18,58
1085,新台p4,eソードアート・オンライン アリシゼーションYKJ11,17,58
1086,新台p4,eソードアート・オンライン アリシゼーションYKJ11,16,58
1087,新台p4,eソードアート・オンライン アリシゼーションYKJ11,15,58
1088,p4,e／ワールドダイスター／L04,14,58
1100,p4,eカケグルイ～生か死か～LTT－KR,13,58
1101,p4,eカケグルイ～生か死か～LTT－KR,12,58
1102,p4,eバイオハザード6APN,11,58
1103,p4,eバイオハザード6APN,10,58
1105,p4,eルパン三世VSキャッツアイLBM6,9,58
1106,p4,eフィーバーもののがたりF,9,55
1107,p4,eフィーバーもののがたりF,10,55
1108,新台p4,eアクセル・ワールドLM2,11,55
1110,新台p4,eアクセル・ワールドLM2,12,55
1111,p4,e魔法少女まどか☆マギカ3LPM1,13,55
1112,p4,eリコリス・リコイルM3,14,55
1113,p4,eリコリス・リコイルM3,15,55
1115,p4,eリコリス・リコイルM3,16,55
1116,p4,eリコリス・リコイルM3,17,55
1117,新台p4,e七つの大罪3GFEA,18,55
1118,新台p4,e七つの大罪3GFEA,19,55
1120,新台p4,e七つの大罪3GFEA,20,55
1121,新台p4,e七つの大罪3GFEA,21,55
1122,新台p4,e七つの大罪3GFEA,22,55
1123,p4,e無職転生～異世界行ったら本気だす～H2E,23,55
1125,p4,e無職転生～異世界行ったら本気だす～H2E,24,55
1126,p4,e無職転生～異世界行ったら本気だす～H2E,25,55
1127,p4,e無職転生～異世界行ったら本気だす～H2E,26,55
1128,p4,e無職転生～異世界行ったら本気だす～H2E,27,55
1130,p4,e無職転生～異世界行ったら本気だす～H2E,28,55
1131,s20,L／ミリオンゴッド／CX,28,54
1132,s20,L／ミリオンゴッド／CX,27,54
1133,s20,L／ミリオンゴッド／CX,26,54
1135,s20,L／ミリオンゴッド／CX,25,54
1136,s20,L／ミリオンゴッド／CX,24,54
1137,s20,L／ミリオンゴッド／CX,23,54
1138,s20,L／ミリオンゴッド／CX,22,54
1150,s20,L／ミリオンゴッド／CX,21,54
1151,s20,L／ミリオンゴッド／CX,20,54
1152,s20,L／ミリオンゴッド／CX,19,54
1153,s20,L／ミリオンゴッド／CX,18,54
1155,s20,L／ミリオンゴッド／CX,17,54
1156,s20,L／ミリオンゴッド／CX,16,54
1157,s20,L／ミリオンゴッド／CX,15,54
1158,s20,L／ミリオンゴッド／CX,14,54
1160,s20,LパチスロゴッドイーターリザレクションSLED,13,54
1161,s20,LパチスロゴッドイーターリザレクションSLED,12,54
1162,s20,LパチスロゴッドイーターリザレクションSLED,11,54
1163,s20,LパチスロゴッドイーターリザレクションSLED,10,54
1165,s20,LパチスロゴッドイーターリザレクションSLED,9,54
1166,s20,L革命機ヴァルヴレイヴ2jF,9,51
1167,s20,L革命機ヴァルヴレイヴ2jF,10,51
1168,s20,L革命機ヴァルヴレイヴ2jF,11,51
1170,s20,L革命機ヴァルヴレイヴ2jF,12,51
1171,s20,L革命機ヴァルヴレイヴ2jF,13,51
1172,s20,Lかぐや様は告らせたいjA,14,51
1173,s20,Lかぐや様は告らせたいjA,15,51
1175,s20,Lかぐや様は告らせたいjA,16,51
1176,s20,Lかぐや様は告らせたいjA,17,51
1177,s20,L南国育ちSPM1,18,51
1178,s20,L南国育ちSPM1,19,51
1180,s20,L南国育ちSPM1,20,51
1181,s20,L／ソードアート・オンラインⅡ／PA1,21,51
1182,s20,L／ソードアート・オンラインⅡ／PA1,22,51
1183,s20,L／ソードアート・オンラインⅡ／PA1,23,51
1185,s20,L／ソードアート・オンラインⅡ／PA1,24,51
1186,s20,L／ソードアート・オンラインⅡ／PA1,25,51
1187,s20,L／ソードアート・オンラインⅡ／PA1,26,51
1188,s20,L／ソードアート・オンラインⅡ／PA1,27,51
1200,s20,L／ソードアート・オンラインⅡ／PA1,28,51
1202,新台s20,Lとある魔術の禁書目録2FA,27,50
1203,新台s20,Lとある魔術の禁書目録2FA,26,50
1205,新台s20,Lとある魔術の禁書目録2FA,25,50
1206,新台s20,Lとある魔術の禁書目録2FA,24,50
1207,新台s20,Lとある魔術の禁書目録2FA,23,50
1208,新台s20,Lやじきた道中記参る！BG,22,50
1210,新台s20,Lやじきた道中記参る！BG,21,50
1211,新台s20,Lやじきた道中記参る！BG,20,50
1212,新台s20,Lやじきた道中記参る！BG,19,50
1213,新台s20,Lやじきた道中記参る！BG,18,50
1215,s20,L パチスロ北斗の拳AD XR,17,50
1216,s20,L パチスロ北斗の拳AD XR,16,50
1217,s20,L パチスロ北斗の拳AD XR,15,50
1218,s20,L パチスロ北斗の拳AD XR,14,50
1220,s20,L パチスロ北斗の拳AD XR,13,50
1221,s20,L パチスロ北斗の拳AD XR,12,50
1222,s20,L パチスロ北斗の拳AD XR,11,50
1223,s20,L パチスロ北斗の拳AD XR,10,50
1225,s20,L パチスロ北斗の拳AD XR,9,50
1226,s20,L パチスロ北斗の拳AD XR,9,47
1227,s20,L パチスロ北斗の拳AD XR,10,47
1228,s20,L パチスロ北斗の拳AD XR,11,47
1230,s20,L パチスロ北斗の拳AD XR,12,47
1231,s20,L パチスロ北斗の拳AD XR,13,47
1232,s20,L パチスロ北斗の拳AD XR,14,47
1233,s20,L パチスロ北斗の拳AD XR,15,47
1235,s20,L パチスロ北斗の拳AD XR,16,47
1236,s20,L パチスロ北斗の拳AD XR,17,47
1237,s20,L パチスロ北斗の拳AD XR,18,47
1238,s20,L スマスロ北斗の拳 転生の章2 MW,19,47
1250,s20,L スマスロ北斗の拳 転生の章2 MW,20,47
1251,s20,L スマスロ北斗の拳 転生の章2 MW,21,47
1252,s20,L スマスロ北斗の拳 転生の章2 MW,22,47
1253,s20,L スマスロ北斗の拳 転生の章2 MW,23,47
1255,s20,L スマスロ北斗の拳 転生の章2 MW,24,47
1256,s20,L スマスロ北斗の拳 転生の章2 MW,25,47
1257,s20,L スマスロ北斗の拳 転生の章2 MW,26,47
1258,s20,L スマスロ北斗の拳 転生の章2 MW,27,47
1262,s20,L／バジリスク絆2～天膳～／ZN,27,46
1263,s20,L／バジリスク絆2～天膳～／ZN,26,46
1265,s20,L／バジリスク絆2～天膳～／ZN,25,46
1266,新台s20,L／ワールドダイスター／PA3,24,46
1267,新台s20,L／ワールドダイスター／PA3,23,46
1268,新台s20,L／ワールドダイスター／PA3,22,46
1270,新台s20,L／ワールドダイスター／PA3,21,46
1271,s20,Lパチスロ鉄拳6YD01H,20,46
1272,s20,Lパチスロ鉄拳6YD01H,19,46
1273,s20,L炎炎ノ消防隊2,18,46
1275,s20,L炎炎ノ消防隊2,17,46
1276,s20,L炎炎ノ消防隊2,16,46
1277,s20,L炎炎ノ消防隊2,15,46
1278,s20,L炎炎ノ消防隊2,14,46
1280,s20,L／スマスロ秘宝伝／PA7,13,46
1281,s20,L スマスロ化物語 KH,12,46
1282,s20,L スマスロ化物語 KH,11,46
1283,s20,L スマスロ化物語 KH,10,46
1285,s20,L スマスロ化物語 KH,9,46
1286,s20,LバイオハザードRE：3 ZD,9,43
1287,s20,LバイオハザードRE：3 ZD,10,43
1288,s20,LバイオハザードRE：3 ZD,11,43
1300,s20,LバイオハザードRE：3 ZD,12,43
1301,s20,LバイオハザードRE：3 ZD,13,43
1302,s20,LバイオハザードRE：3 ZD,14,43
1303,新台s20,L邪神ちゃんドロップキックTX,15,43
1305,s20,Lゴジラ対エヴァンゲリオンjA,16,43
1306,s20,Lゴジラ対エヴァンゲリオンjA,17,43
1307,s20,Lからくりサーカス2jG,18,43
1308,s20,Lからくりサーカス2jG,19,43
1310,s20,Lからくりサーカス2jG,20,43
1311,s20,Lからくりサーカス2jG,21,43
1312,s20,Lからくりサーカス2jG,22,43
1313,s20,Lからくりサーカス2jG,23,43
1315,s20,Lからくりサーカス2jG,24,43
1316,s20,Lからくりサーカス2jG,25,43
1317,s20,Lからくりサーカス2jG,26,43
1318,s20,Lからくりサーカス2jG,27,43
1501,s20,SマイジャグラーⅤKD,5,65
1502,s20,SマイジャグラーⅤKD,4,65
1503,s20,SマイジャグラーⅤKD,3,65
1505,s20,SマイジャグラーⅤKD,2,65
1506,s20,SマイジャグラーⅤKD,1,65
1507,s20,SマイジャグラーⅤKD,-4,65
1508,s20,SマイジャグラーⅤKD,-5,65
1510,s20,SマイジャグラーⅤKD,-6,65
1511,s20,SマイジャグラーⅤKD,-7,65
1512,s20,SマイジャグラーⅤKD,-8,65
1513,s20,SマイジャグラーⅤKD,-9,65
1515,s20,SマイジャグラーⅤKD,-10,65
1516,s20,SマイジャグラーⅤKD,-12,64
1517,s20,SマイジャグラーⅤKD,-12,63
1518,s20,SマイジャグラーⅤKD,-12,62
1520,s20,SマイジャグラーⅤKD,-12,61
1521,s20,SマイジャグラーⅤKD,-12,60
1522,s20,SマイジャグラーⅤKD,-12,59
1523,s20,SマイジャグラーⅤKD,-12,58
1525,s20,SマイジャグラーⅤKD,-12,57
1526,s20,SマイジャグラーⅤKD,-12,56
1527,s20,SマイジャグラーⅤKD,-12,55
1528,s20,SマイジャグラーⅤKD,-12,54
1530,s20,SマイジャグラーⅤKD,-12,53
1531,s20,SマイジャグラーⅤKD,-12,52
1532,s20,SマイジャグラーⅤKD,-12,51
1533,s20,SマイジャグラーⅤKD,-12,50
1535,s20,SマイジャグラーⅤKD,-12,49
1536,s20,SマイジャグラーⅤKD,-12,48
1537,s20,SマイジャグラーⅤKD,-12,44
1538,s20,SマイジャグラーⅤKD,-12,43
1550,s20,SマイジャグラーⅤKD,-12,42
1551,s20,SマイジャグラーⅤKD,-12,41
1552,s20,SマイジャグラーⅤKD,-7,49
1553,s20,SマイジャグラーⅤKD,-7,50
1555,s20,SマイジャグラーⅤKD,-7,51
1556,s20,SマイジャグラーⅤKD,-7,52
1557,s20,SマイジャグラーⅤKD,-7,53
1558,s20,SマイジャグラーⅤKD,-7,54
1560,s20,SマイジャグラーⅤKD,-7,55
1561,s20,SマイジャグラーⅤKD,-7,56
1562,s20,SマイジャグラーⅤKD,-7,57
1563,s20,SマイジャグラーⅤKD,-7,58
1565,s20,SマイジャグラーⅤKD,-7,59
1566,s20,SマイジャグラーⅤKD,-7,60
1567,s20,SマイジャグラーⅤKD,-7,61
1568,s20,SマイジャグラーⅤKD,-7,62
1570,s20,SネオアイムジャグラーEX-KK,-6,62
1571,s20,SネオアイムジャグラーEX-KK,-6,61
1572,s20,SネオアイムジャグラーEX-KK,-6,60
1573,s20,SネオアイムジャグラーEX-KK,-6,59
1575,s20,SネオアイムジャグラーEX-KK,-6,58
1576,s20,SネオアイムジャグラーEX-KK,-6,57
1577,s20,SネオアイムジャグラーEX-KK,-6,56
1578,s20,SネオアイムジャグラーEX-KK,-6,55
1580,s20,SネオアイムジャグラーEX-KK,-6,54
1581,s20,SネオアイムジャグラーEX-KK,-6,53
1582,s20,SネオアイムジャグラーEX-KK,-6,52
1583,s20,SネオアイムジャグラーEX-KK,-6,51
1585,s20,SネオアイムジャグラーEX-KK,-6,50
1586,s20,SネオアイムジャグラーEX-KK,-6,49
1587,s20,Sゴーゴージャグラー3KA,-2,49
1588,s20,Sゴーゴージャグラー3KA,-2,50
1600,s20,Sゴーゴージャグラー3KA,-2,51
1601,s20,Sゴーゴージャグラー3KA,-2,52
1602,s20,Sゴーゴージャグラー3KA,-2,53
1603,s20,Sゴーゴージャグラー3KA,-2,54
1605,s20,Sゴーゴージャグラー3KA,-2,55
1606,s20,Sゴーゴージャグラー3KA,-2,56
1607,s20,Sゴーゴージャグラー3KA,-2,57
1608,s20,Sゴーゴージャグラー3KA,-2,58
1610,s20,Sゴーゴージャグラー3KA,-2,59
1611,s20,Sゴーゴージャグラー3KA,-2,60
1612,s20,Sゴーゴージャグラー3KA,-2,61
1613,s20,Sゴーゴージャグラー3KA,-2,62
1615,s20,Sファンキージャグラー2KT,-1,62
1616,s20,Sファンキージャグラー2KT,-1,61
1617,s20,Sファンキージャグラー2KT,-1,60
1618,s20,Sファンキージャグラー2KT,-1,59
1620,s20,Sファンキージャグラー2KT,-1,58
1621,s20,Sファンキージャグラー2KT,-1,57
1622,s20,Sファンキージャグラー2KT,-1,56
1623,s20,Sファンキージャグラー2KT,-1,55
1625,s20,Sファンキージャグラー2KT,-1,54
1626,s20,Sファンキージャグラー2KT,-1,53
1627,s20,Sファンキージャグラー2KT,-1,52
1628,s20,Sファンキージャグラー2KT,-1,51
1630,s20,Sファンキージャグラー2KT,-1,50
1631,s20,Sファンキージャグラー2KT,-1,49
1632,s20,Sファンキージャグラー2KT,2,49
1633,s20,Sファンキージャグラー2KT,2,50
1635,s20,Sファンキージャグラー2KT,2,51
1636,s20,Sファンキージャグラー2KT,2,52
1637,s20,Sファンキージャグラー2KT,2,53
1638,s20,Sファンキージャグラー2KT,2,54
1650,s20,Sファンキージャグラー2KT,2,55
1651,s20,Sファンキージャグラー2KT,2,56
1652,s20,Sファンキージャグラー2KT,2,57
1653,s20,Sファンキージャグラー2KT,2,58
1655,s20,Sファンキージャグラー2KT,2,59
1656,s20,Sファンキージャグラー2KT,2,60
1657,s20,Sファンキージャグラー2KT,2,61
1658,s20,Sファンキージャグラー2KT,2,62
1660,s20,SマイジャグラーⅤKD,3,61
1661,s20,SマイジャグラーⅤKD,3,60
1662,s20,SマイジャグラーⅤKD,3,59
1663,s20,SマイジャグラーⅤKD,3,58
1665,s20,SマイジャグラーⅤKD,3,57
1666,s20,SマイジャグラーⅤKD,3,56
1667,s20,SマイジャグラーⅤKD,3,55
1668,s20,SマイジャグラーⅤKD,3,54
1670,s20,SマイジャグラーⅤKD,3,53
1671,s20,SマイジャグラーⅤKD,3,52
1672,s20,SマイジャグラーⅤKD,3,51
1673,s20,SマイジャグラーⅤKD,3,50
1675,s20,SマイジャグラーⅤKD,3,49
1676,s20,SネオアイムジャグラーEX-KK,-7,44
1677,s20,SネオアイムジャグラーEX-KK,-6,44
1678,s20,SネオアイムジャグラーEX-KK,-5,44
1680,s20,SネオアイムジャグラーEX-KK,-4,44
1681,s20,SネオアイムジャグラーEX-KK,-3,44
1682,s20,SネオアイムジャグラーEX-KK,-2,44
1683,s20,SネオアイムジャグラーEX-KK,-1,44
1685,s20,SネオアイムジャグラーEX-KK,0,44
1686,s20,SネオアイムジャグラーEX-KK,1,44
1687,s20,SネオアイムジャグラーEX-KK,2,44
1688,s20,SネオアイムジャグラーEX-KK,3,44
1700,s20,SネオアイムジャグラーEX-KK,4,44
1701,s20,SネオアイムジャグラーEX-KK,5,44
1702,s20,SマイジャグラーⅤKD,5,43
1703,s20,SマイジャグラーⅤKD,4,43
1705,s20,SマイジャグラーⅤKD,3,43
1706,s20,SマイジャグラーⅤKD,2,43
1707,s20,SマイジャグラーⅤKD,1,43
1708,s20,SマイジャグラーⅤKD,0,43
1710,s20,SマイジャグラーⅤKD,-1,43
1711,s20,SマイジャグラーⅤKD,-2,43
1712,s20,SマイジャグラーⅤKD,-3,43
1713,s20,SマイジャグラーⅤKD,-4,43
1715,s20,SマイジャグラーⅤKD,-5,43
1716,s20,SマイジャグラーⅤKD,-6,43
1717,s20,SマイジャグラーⅤKD,-7,43
1718,s20,SマイジャグラーⅤKD,-12,36
1720,s20,SマイジャグラーⅤKD,-12,35
1721,s20,SマイジャグラーⅤKD,-12,34
1722,s20,SマイジャグラーⅤKD,-12,33
1723,s20,SマイジャグラーⅤKD,-12,32
1725,s20,SマイジャグラーⅤKD,-12,31
1726,s20,SマイジャグラーⅤKD,-12,30
1727,s20,SマイジャグラーⅤKD,-12,29
1728,s20,SマイジャグラーⅤKD,-12,28
1730,s20,SマイジャグラーⅤKD,-12,27
1731,s20,SネオアイムジャグラーEX-KK,-12,26
1732,s20,SネオアイムジャグラーEX-KK,-12,25
1733,s20,SネオアイムジャグラーEX-KK,-12,24
1735,s20,SネオアイムジャグラーEX-KK,-12,23
1736,s20,SネオアイムジャグラーEX-KK,-12,22
1737,s20,SハッピージャグラーVⅢEA,-12,21
1738,s20,SハッピージャグラーVⅢEA,-12,20
1750,s20,SハッピージャグラーVⅢEA,-12,19
1751,s20,SハッピージャグラーVⅢEA,-12,18
1752,s20,SハッピージャグラーVⅢEA,-12,17
1753,s20,SハッピージャグラーVⅢEA,-12,16
1755,s20,SハッピージャグラーVⅢEA,-12,15
1756,s20,SハッピージャグラーVⅢEA,-12,14
1757,s20,SハッピージャグラーVⅢEA,-10,14
1758,s20,SハッピージャグラーVⅢEA,-9,14
1760,s20,SハッピージャグラーVⅢEA,-8,14
1761,s20,SハッピージャグラーVⅢEA,-7,14
1762,s20,SハッピージャグラーVⅢEA,-6,14
1763,s20,SハッピージャグラーVⅢEA,-5,14
1765,s20,SハッピージャグラーVⅢEA,-4,14
1766,s20,SミスタージャグラーKK,-3,14
1767,s20,SミスタージャグラーKK,-2,14
1768,s20,SミスタージャグラーKK,-1,14
1770,s20,SミスタージャグラーKK,0,14
1771,s20,SミスタージャグラーKK,1,14
1772,s20,SジャグラーガールズSS－KH,2,14
1773,s20,SジャグラーガールズSS－KH,3,14
1775,s20,SジャグラーガールズSS－KH,4,14
1776,s20,SジャグラーガールズSS－KH,2,17
1777,s20,SジャグラーガールズSS－KH,1,17
1778,s20,SジャグラーガールズSS－KH,0,17
1780,s20,SジャグラーガールズSS－KH,-1,17
1781,s20,SジャグラーガールズSS－KH,-2,17
1782,s20,SジャグラーガールズSS－KH,-3,17
1783,s20,SウルトラミラクルジャグラーKT,-4,17
1785,s20,SウルトラミラクルジャグラーKT,-5,17
1786,s20,SウルトラミラクルジャグラーKT,-6,17
1787,s20,SウルトラミラクルジャグラーKT,-7,17
1788,s20,SウルトラミラクルジャグラーKT,-8,17
1800,s20,SウルトラミラクルジャグラーKT,-9,17
1801,s20,SネオアイムジャグラーEX-KK,-9,25
1802,s20,SネオアイムジャグラーEX-KK,-9,26
1803,s20,SネオアイムジャグラーEX-KK,-9,27
1805,s20,SネオアイムジャグラーEX-KK,-9,28
1806,s20,SネオアイムジャグラーEX-KK,-9,29
1807,s20,SネオアイムジャグラーEX-KK,-9,30
1808,s20,SネオアイムジャグラーEX-KK,-9,31
1810,s20,SネオアイムジャグラーEX-KK,-9,32
1811,s20,SネオアイムジャグラーEX-KK,-9,33
1812,s20,SネオアイムジャグラーEX-KK,-9,34
1813,s20,SネオアイムジャグラーEX-KK,-9,35
1815,s20,S／沖ドキ！BLACK／XA,-8,35
1816,s20,S／沖ドキ！BLACK／XA,-8,34
1817,s20,S／沖ドキ！BLACK／XA,-8,33
1818,s20,S／沖ドキ！BLACK／XA,-8,32
1820,s20,S／沖ドキ！BLACK／XA,-8,31
1821,s20,S／沖ドキ！BLACK／XA,-8,30
1822,s20,S／沖ドキ！BLACK／XA,-8,29
1823,s20,S／沖ドキ！BLACK／XA,-8,28
1825,s20,S／沖ドキ！BLACK／XA,-8,27
1826,s20,S／沖ドキ！BLACK／XA,-8,26
1827,s20,S／沖ドキ！BLACK／XA,-8,25
1828,s20,S／バーサスリヴァイズ／HS,-9,18
1830,s20,S／バーサスリヴァイズ／HS,-8,18
1831,s20,S／バーサスリヴァイズ／HS,-7,18
1832,s20,S／バーサスリヴァイズ／HS,-6,18
1833,s20,S／新ハナビR／HA,-5,18
1835,s20,S／新ハナビR／HA,-4,18
1836,s20,S／新ハナビR／HA,-3,18
1837,s20,S／新ハナビR／HA,-2,18
1838,s20,S／クランキークレスト／CR,-1,18
1850,s20,S／クランキークレスト／CR,0,18
1851,s20,SニューパルサーSP3CC,1,18
1852,s20,SニューパルサーSP3CC,2,18
1853,s20,S ディスクアップ2 ZF,4,22
1855,s20,S ディスクアップ2 ZF,3,22
1856,s20,S ディスクアップ2 ZF,2,22
1857,s20,S ディスクアップ2 ZF,1,22
1858,s20,L／ハナビ／KM,0,22
1860,s20,L／ハナビ／KM,-1,22
1861,s20,L／ハナビ／KM,-2,22
1862,s20,L／ハナビ／KM,-3,22
1863,s20,L／ハナビ／KM,-4,22
1865,s20,L／ハナビ／KM,-5,22
1866,s20,S／沖ドキ！BLACK／XA,-5,23
1867,s20,S／沖ドキ！BLACK／XA,-4,23
1868,s20,S／沖ドキ！BLACK／XA,-3,23
1870,s20,S／沖ドキ！BLACK／XA,-2,23
1871,s20,S／沖ドキ！BLACK／XA,-1,23
1872,s20,S／沖ドキ！BLACK／XA,0,23
1873,s20,S／沖ドキ！BLACK／XA,1,23
1875,s20,S／沖ドキ！BLACK／XA,2,23
1876,s20,S／沖ドキ！BLACK／XA,3,23
1877,s20,S／沖ドキ！BLACK／XA,4,23
1878,s20,S／沖ドキ！BLACK／XA,2,28
1880,s20,S／沖ドキ！BLACK／XA,1,28
1881,s20,S／沖ドキ！BLACK／XA,0,28
1882,s20,S／沖ドキ！BLACK／XA,-1,28
1883,s20,S／沖ドキ！BLACK／XA,-2,28
1885,s20,S／沖ドキ！BLACK／XA,-3,29
1886,s20,S／沖ドキ！BLACK／XA,-4,29
1887,s20,S／沖ドキ！BLACK／XA,-4,30
1888,s20,S／沖ドキ！BLACK／XA,-4,31
2000,s20,S／沖ドキ！BLACK／XA,-4,32
2001,s20,S／沖ドキ！BLACK／XA,-4,33
2002,s20,S／沖ドキ！BLACK／XA,-4,34
2003,s20,S／沖ドキ！BLACK／XA,-4,35
2005,s20,S／沖ドキ！BLACK／XA,-4,36
2006,s20,S／沖ドキ！GOLD／LS,-3,36
2007,s20,S／沖ドキ！GOLD／LS,-3,35
2008,s20,S／沖ドキ！GOLD／LS,-3,34
2010,s20,S／沖ドキ！GOLD／LS,-3,33
2011,s20,S／沖ドキ！GOLD／LS,-3,32
2012,s20,S／沖ドキ！BLACK／EP,-3,31
2013,s20,S／沖ドキ！BLACK／EP,-3,30
2015,s20,S／沖ドキ！BLACK／EP,0,29
2016,s20,S／沖ドキ！BLACK／EP,1,29
2017,s20,S／沖ドキ！BLACK／EP,2,29
2018,s20,S／沖ドキ！BLACK／XA,0,36
2020,s20,S／沖ドキ！BLACK／XA,1,36
2021,s20,S／沖ドキ！BLACK／XA,2,36
2022,s20,S／沖ドキ！BLACK／XA,3,36
2023,s20,S／沖ドキ！BLACK／XA,3,35
2025,s20,S／沖ドキ！BLACK／XA,3,34
2026,s20,S／沖ドキ！BLACK／XA,3,33
2027,s20,S／沖ドキ！BLACK／XA,3,32
2028,s20,S／沖ドキ！BLACK／XA,2,32
2030,s20,S／沖ドキ！BLACK／XA,1,32
2031,s20,S／沖ドキ！BLACK／XA,0,32
2032,s20,S／沖ドキ！BLACK／XA,0,33
2033,s20,S／沖ドキ！BLACK／XA,0,34
2035,s20,S／沖ドキ！BLACK／XA,0,35
2036,s20,Lモンキーターン5CE,25,41
2037,s20,Lモンキーターン5CE,24,41
2038,s20,Lモンキーターン5CE,23,41
2050,s20,Lモンキーターン5CE,22,41
2051,s20,Lモンキーターン5CE,21,41
2052,s20,Lモンキーターン5CE,20,41
2053,s20,Lモンキーターン5CE,19,41
2055,s20,Lモンキーターン5CE,18,41
2056,s20,Lモンキーターン5CE,17,41
2057,s20,Lモンキーターン5CE,16,41
2058,s20,Lモンキーターン5CE,15,41
2060,s20,Lモンキーターン5CE,14,41
2061,s20,Lモンキーターン5CE,13,41
2062,s20,Lモンキーターン5CE,12,41
2063,s20,Lモンキーターン5CE,11,41
2065,s20,Lモンキーターン5CE,10,41
2066,s20,Lモンキーターン5CE,9,41
2068,s20,L新鬼武者3SA,10,37
2070,s20,L新鬼武者3SA,11,37
2071,s20,L新鬼武者3SA,12,37
2072,s20,L戦国コレクション6KS,13,37
2073,s20,L戦国コレクション6KS,14,37
2075,s20,L戦国コレクション6KS,15,37
2076,s20,L戦国コレクション6KS,16,37
2077,新台s20,LとんでもスキルKM,17,37
2078,s20,Lパチスロスーパーリオエース2ND02H,18,37
2080,s20,Lパチスロスーパーリオエース2ND02H,19,37
2081,s20,Lパチスロスーパーリオエース2ND02H,20,37
2082,s20,Lパチスロスーパーリオエース2ND02H,21,37
2083,s20,Lパチスロスーパーリオエース2ND02H,22,37
2085,s20,L東京喰種CT,22,36
2086,s20,L東京喰種CT,21,36
2087,s20,L東京喰種CT,20,36
2088,s20,L東京喰種CT,19,36
2100,s20,L東京喰種CT,18,36
2101,s20,L東京喰種CT,17,36
2102,s20,L東京喰種CT,16,36
2103,s20,L／真打吉宗／A1,15,36
2105,s20,L／真打吉宗／A1,14,36
2106,s20,L／真打吉宗／A1,13,36
2107,s20,L／真打吉宗／A1,12,36
2108,s20,LバーディーウイングBC,11,36
2110,s20,LバーディーウイングBC,10,36
2111,s20,L東京喰種CT,8,33
2112,s20,L東京喰種CT,9,33
2113,s20,L東京喰種CT,10,33
2115,s20,L東京喰種CT,11,33
2116,s20,L東京喰種CT,12,33
2117,s20,L東京喰種CT,13,33
2118,s20,L東京喰種CT,14,33
2120,s20,L東京喰種CT,15,33
2121,s20,L東京喰種CT,16,33
2122,s20,L東京喰種CT,17,33
2123,s20,L東京喰種CT,18,33
2125,s20,L東京喰種CT,19,33
2126,s20,L東京喰種FT,20,33
2127,s20,L東京喰種FT,21,33
2128,s20,L東京喰種FT,22,33
2130,s20,L東京喰種FT,23,33
2131,s20,L東京喰種FT,24,33
2132,s20,L東京喰種FT,25,33
2133,s20,L 甲鉄城のカバネリ 海門決戦 XX,25,32
2135,s20,L 甲鉄城のカバネリ 海門決戦 XX,24,32
2136,s20,L 甲鉄城のカバネリ 海門決戦 XX,23,32
2137,s20,L 甲鉄城のカバネリ 海門決戦 XX,22,32
2138,s20,L 甲鉄城のカバネリ 海門決戦 XX,21,32
2150,s20,L 甲鉄城のカバネリ 海門決戦 XX,20,32
2151,s20,L 甲鉄城のカバネリ 海門決戦 XX,19,32
2152,s20,L 甲鉄城のカバネリ 海門決戦 XX,18,32
2153,s20,L戦国乙女5L8,17,32
2155,s20,L戦国乙女5L8,16,32
2156,s20,L戦国乙女5L8,15,32
2157,s20,L戦国乙女5L8,14,32
2158,s20,L戦国乙女5L8,13,32
2160,s20,L戦国乙女5L8,12,32
2161,s20,L戦国乙女5L8,11,32
2162,s20,L戦国乙女5L8,10,32
2163,s20,L戦国乙女5L8,9,32
2165,s20,L戦国乙女5L8,8,32
2166,s20,L戦国乙女5L8,7,32
2167,新台s20,Lストリートファイター6SB,8,28
2168,新台s20,Lストリートファイター6SB,9,28
2170,新台s20,Lストリートファイター6SB,10,28
2171,新台s20,Lストリートファイター6SB,11,28
2172,s20,L／いざ番長／SB8,12,28
2173,s20,L／いざ番長／SB8,13,28
2175,s20,L／いざ番長／SB8,14,28
2176,s20,L 甲鉄城のカバネリ 海門決戦 XX,15,28
2177,s20,L 甲鉄城のカバネリ 海門決戦 XX,16,28
2178,s20,L 甲鉄城のカバネリ 海門決戦 XX,17,28
2180,s20,L 甲鉄城のカバネリ 海門決戦 XX,18,28
2181,s20,L 甲鉄城のカバネリ 海門決戦 XX,19,28
2182,s20,L 甲鉄城のカバネリ 海門決戦 XX,20,28
2183,s20,L 甲鉄城のカバネリ 海門決戦 XX,21,28
2185,s20,L 甲鉄城のカバネリ 海門決戦 XX,22,28
2186,s20,L 甲鉄城のカバネリ 海門決戦 XX,23,28
2187,新台s20,L 甲鉄城のカバネリ 海門決戦 XX,24,28
2188,新台s20,L 甲鉄城のカバネリ 海門決戦 XX,25,28
2200,s20,L戦国乙女4S3,25,27
2201,s20,LアニマルスロットドッチZT,24,27
2202,s20,Lバイオハザード5ZE,23,27
2203,s20,L スマスロ攻殻機動隊 ZS,22,27
2205,s20,L／緑ドン5／FY,21,27
2206,s20,LアクダマドライブTP,20,27
2207,s20,L／ヨシムネS／SC2,19,27
2208,s20,LタクトオーパスM1,18,27
2210,s20,LB 異世界かるてっと KR,17,27
2211,s20,LB不二子M2,16,27
2212,s20,LB不二子M2,15,27
2213,s20,LB／シェイクボーナストリガー／A1,14,27
2215,s20,LB／シェイクボーナストリガー／A1,13,27
2216,s20,LB／スマスロサンダーVHA,12,27
2217,s20,LB／スマスロサンダーVHA,11,27
2218,s20,LB／スマスロサンダーVHA,10,27
2220,s20,LB／スマスロサンダーVHA,9,27
2221,s20,LB／スマスロサンダーVHA,8,27
2222,s20,LBAREXBRIGHTBA,8,23
2223,s20,LBAREXBRIGHTBA,9,23
2225,s20,LBAREXBRIGHTBA,10,23
2226,s20,LBAREXBRIGHTBA,11,23
2227,s20,LB／クレアの秘宝伝ボーナストリガーVER．／A2,12,23
2228,s20,LB／クレアの秘宝伝ボーナストリガーVER．／A2,13,23
2230,新台s20,LBケロット5ND05H,14,23
2231,新台s20,LBケロット5ND05H,15,23
2232,新台s20,LBケロット5ND05H,16,23
2233,s20,Ｌ　ＤＩＳＣＵＰウルトラリミックス　ＸＲ,17,23
2235,s20,Ｌ　ＤＩＳＣＵＰウルトラリミックス　ＸＲ,18,23
2236,s20,LモンスターハンターライズXA,19,23
2237,s20,LモンスターハンターライズXA,20,23
2238,s20,L／スマスロマギアレコード／RN,21,23
2250,s20,L／スマスロマギアレコード／RN,22,23
2251,s20,L スマスロ東京リベンジャーズ ZF,23,23
2252,s20,L スマスロ東京リベンジャーズ ZF,24,23
2253,s20,Lとある科学の超電磁砲2FV,25,23
2255,s5,L東京喰種CT,25,20
2256,s5,L東京喰種CT,24,20
2257,s5,L東京喰種CT,23,20
2258,s5,L戦国乙女4S3,22,20
2260,s5,L戦国乙女5L8,21,20
2261,s5,LスーパーブラックジャックSLDC,20,20
2262,s5,L新鬼武者3SA,19,20
2263,s5,LモンスターハンターライズXA,18,20
2265,s5,Lパチスロスーパーリオエース2ND02H,17,20
2266,s5,L スマスロ東京リベンジャーズ ZF,16,20
2267,s5,L 甲鉄城のカバネリ 海門決戦 XX,15,20
2268,s5,L／ミリオンゴッド／CX,14,20
2270,s5,L スマスロ化物語 KH,13,20
2271,s5,Lかぐや様は告らせたいjA,12,20
2272,新台s5,L邪神ちゃんドロップキックTX,11,20
2273,s5,L／スマスロマギアレコード／RN,10,20
2275,s5,L／いざ番長／SB8,9,20
2276,s5,L／いざ番長／SB8,8,20
2277,s5,Lモンキーターン5CE,8,16
2278,s5,Lモンキーターン5CE,9,16
2280,s5,L戦国コレクション6KS,10,16
2281,s5,LパチスロゴッドイーターリザレクションSLED,11,16
2282,s5,L／スマスロマギアレコード／RN,12,16
2283,s5,LバイオハザードRE：3 ZD,13,16
2285,s5,Lパチスロ鉄拳6YD01H,14,16
2286,s5,L炎炎ノ消防隊2,15,16
2287,s5,LタクトオーパスM1,16,16
2288,s5,Lかぐや様は告らせたいjA,17,16
2300,s5,L／スマスロ秘宝伝／PA7,18,16
2301,s5,Lからくりサーカス2jG,19,16
2302,新台s5,L 甲鉄城のカバネリ 海門決戦 XX,20,16
2303,新台s5,L／ワールドダイスター／PA3,21,16
2305,s5,Lバイオハザード5ZE,22,16
2306,s5,L銭形5L2,23,16
2307,s5,L スマスロ北斗の拳 転生の章2 MW,24,16
2308,s5,L スマスロ北斗の拳 転生の章2 MW,25,16
2310,s5,L パチスロ北斗の拳AD XR,26,16
2311,s5,L パチスロ北斗の拳AD XR,27,16
2500,p1,Pとある魔術の禁書目録2 Light JWX,54,56
2501,p1,Pルパン三世14L0YU1,54,57
2502,p1,Pデビルマン黄金黙示録N－K1 YT250,54,58
2503,p1,PAギンパラ夢幻カーニバルHBA,54,59
2505,p1,PフィーバーパワフルIII－F,54,60
2506,p1,PAフィーバー真花月2Y,54,61
2507,p1,PA花の慶次～傾奇一転N,54,62
2508,p1,Pルパン三世真速9YS1Y,54,63
2510,p1,PAコマコマ倶楽部with坂本冬美LOOP1,54,64
2511,p1,PネオモンスターハウスAL,54,65
2512,p1,PAコマコマ倶楽部with坂本冬美VS1,54,66
2513,p1,PA乗物娘2N,54,67
2515,p1,PAわんわんセレブレーションAGBD,54,69
2516,p1,PAわんわんセレブレーションAGBD,53,69
2517,p1,PAわんわんセレブレーションAGBD,52,69
2518,p1,PAわんわんセレブレーションAGBD,51,69
2520,p1,PAわんわんセレブレーションAGBD,50,69
2521,p1,PAわんわんセレブレーションAGBD,49,69
2522,p1,PAわんわんセレブレーションAGBD,48,69
2523,p1,eソードアート・オンライン～閃光の軌跡～99Ver．K1,45,69
2525,p1,e無職転生～異世界行ったら本気だす～H2E,44,69
2526,p1,eルパン三世VSキャッツアイLBM6,43,69
2527,p1,eリコリス・リコイルM3,42,69
2528,p1,e真北斗無双5夢幻闘双SCEA,41,69
2530,p1,e化物語2GSED,40,69
2531,p1,e結城友奈は勇者であるMP,39,69
2532,p1,PAわんわんセレブレーションAGBD,36,67
2533,p1,PAわんわんセレブレーションAGBD,37,67
2535,p1,PAわんわんセレブレーションAGBD,38,67
2536,p1,PAわんわんセレブレーションAGBD,39,67
2537,p1,PAわんわんセレブレーションAGBD,40,67
2538,p1,PAわんわんセレブレーションAGBD,41,67
2550,p1,PAわんわんセレブレーションAGBD,42,67
2551,p1,PAわんわんセレブレーションAGBD,43,67
2552,p1,PAわんわんセレブレーションAGBD,44,67
2553,p1,PAわんわんセレブレーションAGBD,45,67
2555,p1,PAわんわんセレブレーションAGBD,46,67
2556,p1,PAわんわんセレブレーションAGBD,47,67
2557,p1,PAわんわんセレブレーションAGBD,48,67
2558,p1,PAわんわんセレブレーションAGBD,49,67
2560,p1,PAわんわんセレブレーションAGBD,50,67
2561,p1,PAわんわんセレブレーションAGBD,51,67
5555,p1,e仮面ライダー電王KL12,21,67
